Movie ,Actor
Dr. No,Sean Connery
From Russia with Love,Sean Connery
Goldfinger,Sean Connery
Thunderball,Sean Connery
You Only Live Twice,Sean Connery
On Her Majesty's Secret Service,George Lazenby
Diamonds Are Forever,Sean Connery
Live and Let Die,Roger Moore
The Man with the Golden Gun,Roger Moore
The Spy Who Loved Me,Roger Moore
Moonraker,Roger Moore
For Your Eyes Only,Roger Moore
Octopussy,Roger Moore
A View to a Kill,Roger Moore
The Living Daylights,Timothy Dalton
Licence to Kill,Timothy Dalton
GoldenEye,Pierce Brosnan
Tomorrow Never Dies,Pierce Brosnan
The World Is Not Enough,Pierce Brosnan
Die Another Day,Pierce Brosnan
Casino Royale,Daniel Craig
Quantum of Solace,Daniel Craig
Skyfall,Daniel Craig
Spectre,Daniel Craig
